# id,type,x,y,energy
N1,STATIC_RELAY,80,120,0.95
N2,STATIC_RELAY,140,340,0.85
N3,SURVIVOR,210,90,0.75
N4,SURVIVOR,260,480,0.80
N5,STATIC_RELAY,320,220,1.00
N6,SURVIVOR,300,600,0.70
N7,STATIC_RELAY,410,150,0.90
N8,STATIC_RELAY,450,420,0.95
N9,STATIC_RELAY,520,300,0.90
N10,SURVIVOR,600,540,0.65
N11,RESCUE_TEAM,650,180,1.00
N12,RESCUE_TEAM,700,400,1.00
N13,STATIC_RELAY,780,260,0.90
N14,SURVIVOR,120,560,0.60
N15,SURVIVOR,380,640,0.75
N16,SURVIVOR,540,90,0.65
N17,RESCUE_TEAM,830,520,1.00
N18,SURVIVOR,240,710,0.70
N19,STATIC_RELAY,900,150,0.85
N20,SURVIVOR,960,600,0.80
N21,STATIC_RELAY,60,430,0.95
N22,SURVIVOR,470,560,0.70
N23,SURVIVOR,610,690,0.75
N24,SURVIVOR,340,40,0.65
N25,SURVIVOR,760,700,0.70
N26,STATIC_RELAY,200,250,1.00
N27,STATIC_RELAY,880,380,0.90
N28,SURVIVOR,50,710,0.75
N29,SURVIVOR,990,50,0.65
N30,BASE_STATION,500,730,1.00
